{
  "timestamp": "2026-06-25T02:52:17.844284",
  "version": "v374",
  "cc_set": {
    "力量": 310,
    "物理攻击": 110,
    "独立攻击": 120,
    "暴击率": 3.0
  },
  "berserker_gou": {
    "独立收益": 0.08,
    "暴击收益": 0.011765,
    "综合": 0.092706
  },
  "berserker_pct": {
    "力量收益": 0.244248,
    "物理攻击收益": 0.055,
    "综合": 0.328125
  },
  "swordsman_pct": {
    "力量收益": 0.364706,
    "物理攻击收益": 0.042308,
    "综合": 0.439513
  },
  "marginal_dual": 4.740937,
  "passed": 10,
  "total": 10
}