{
  "timestamp": "2026-06-25T04:44:29.315986",
  "version": "v382",
  "cc_set": {
    "power": 310,
    "physical_attack": 110,
    "independent_attack": 120,
    "crit_rate": "3%"
  },
  "berserker_fix\u7efc\u5408": 0.092706,
  "berserker_pct\u7efc\u5408": 0.328125,
  "swordsman_pct\u7efc\u5408": 0.439513,
  "marginal_dual": 4.740937
}