{
  "version": "v830",
  "timestamp": "2026-06-29T01:44:00+08:00",
  "passed": 15,
  "total": 15,
  "pass_rate": "15/15",
  "results": [
    "✅ CC套力量合计: 期望=310.0000, 实际=310.0000, 差异=0.000000",
    "✅ CC套物理攻击合计: 期望=110.0000, 实际=110.0000, 差异=0.000000",
    "✅ CC套独立攻击合计: 期望=120.0000, 实际=120.0000, 差异=0.000000",
    "✅ CC套暴击率合计: 期望=3.0000, 实际=3.0000, 差异=0.000000",
    "✅ 狂战士独立攻击收益: 期望=0.0800, 实际=0.0800, 差异=0.000000",
    "✅ 狂战士暴击收益: 期望=0.0118, 实际=0.0118, 差异=0.000005",
    "✅ 狂战士固伤综合收益: 期望=0.0927, 实际=0.0927, 差异=0.000026",
    "✅ 狂战士力量收益(百分比): 期望=0.2442, 实际=0.2442, 差异=0.000048",
    "✅ 狂战士物理攻击收益(百分比): 期望=0.0550, 实际=0.0550, 差异=0.000000",
    "✅ 狂战士百分比综合收益: 期望=0.3281, 实际=0.3281, 差异=0.000025",
    "✅ 剑魂力量收益: 期望=0.3647, 实际=0.3647, 差异=0.000006",
    "✅ 剑魂物理攻击收益: 期望=0.0550, 实际=0.0550, 差异=0.000000",
    "✅ 剑魂暴击收益: 期望=0.0120, 实际=0.0120, 差异=0.000000",
    "✅ 剑魂百分比综合收益: 期望=0.4570, 实际=0.4570, 差异=0.000042",
    "✅ 边际对偶: 期望=4.9300, 实际=4.9300, 差异=0.000000"
  ],
  "core_data": {
    "cc_set": {
      "str": 310,
      "phy": 110,
      "ind": 120,
      "cri": 3
    },
    "berserker_fixed_total": 0.0927,
    "berserker_pct_total": 0.3281,
    "swordsman_pct_total": 0.457,
    "marginal_duality": 4.93002
  }
}