{
  "version": "v418",
  "timestamp": "2026-06-25 17:16:45",
  "task": "任务19 - CC套各职业加成数值",
  "results": [
    [
      "力量合计",
      310,
      310,
      "CC套6件力量加成"
    ],
    [
      "物理攻击合计",
      110,
      110,
      "CC套6件物理攻击加成"
    ],
    [
      "独立攻击合计",
      120,
      120,
      "CC套6件独立攻击加成"
    ],
    [
      "暴击率合计",
      3,
      3,
      "CC套6件暴击率加成"
    ],
    [
      "狂战士独立攻击收益",
      9.6,
      9.6,
      "120/1250=9.6%"
    ],
    [
      "狂战士暴击期望收益",
      2.5,
      2.5,
      "暴击20%→23%期望系数收益"
    ],
    [
      "狂战士独立攻击公式收益",
      8.0,
      8.0,
      "(1+1370/250)/(1+1250/250)-1=8.0%"
    ],
    [
      "狂战士固伤综合收益",
      9.3,
      9.27,
      "(1+8.0%)×(1+1.2%)-1=9.3%"
    ],
    [
      "狂战士力量收益",
      24.42,
      24.42,
      "暴走后1019.2→1329.2, 力量公式收益=24.42%"
    ],
    [
      "狂战士物理攻击收益",
      5.5,
      5.5,
      "2000→2110, 物理攻击收益=5.5%"
    ],
    [
      "狂战士百分比综合收益",
      32.84,
      32.81,
      "乘区叠加=32.84%"
    ],
    [
      "剑魂力量收益",
      36.47,
      36.5,
      "600→910, 力量公式收益=36.47%"
    ],
    [
      "剑魂物理攻击收益",
      4.2299999999999995,
      4.23,
      "破极后2600→2710, 物理攻击收益=4.2299999999999995%"
    ],
    [
      "剑魂百分比综合收益",
      43.95,
      43.95,
      "乘区叠加=43.95%"
    ],
    [
      "边际对偶倍数",
      4.7258,
      4.74,
      "剑魂百分比/狂战士固伤=4.7258倍"
    ]
  ],
  "pass_count": 15,
  "total": 15,
  "all_pass": true,
  "marginal_duality": 4.7258,
  "core_data": {
    "cc_set_6pc": {
      "str": 310,
      "phy": 110,
      "indep": 120,
      "crit": 3
    },
    "berserker_fixed_total": 9.3,
    "berserker_pct_total": 32.84,
    "swordsman_pct_total": 43.95
  }
}