{
  "version": "v1341",
  "timestamp": "2026-07-03 19:18:28",
  "cc_set": {
    "strength": 310,
    "phys_atk": 110,
    "indep_atk": 120,
    "crit_pct": 3.0
  },
  "berserker": {
    "fixed_total": 0.0927,
    "pct_total": 0.3281
  },
  "swordsman": {
    "pct_total": 0.457,
    "polar_phys_synergy": 2743
  },
  "marginal_duality": 4.929881,
  "checks": [
    [
      "CC套力量+310",
      true,
      310,
      310
    ],
    [
      "CC套物理攻击+110",
      true,
      110,
      110
    ],
    [
      "CC套独立攻击+120",
      true,
      120,
      120
    ],
    [
      "CC套暴击+3%",
      true,
      3.0,
      3.0
    ],
    [
      "狂战士固伤综合+9.27%",
      true,
      0.0927,
      0.0927
    ],
    [
      "狂战士百分比综合+32.81%",
      true,
      0.3281,
      0.3281
    ],
    [
      "剑魂百分比综合+45.70%",
      true,
      0.457,
      0.457
    ],
    [
      "破极兵刃协同物理攻击2743",
      true,
      2743,
      2743
    ],
    [
      "边际对偶4.930020",
      true,
      4.93002,
      4.93002
    ]
  ],
  "all_passed": true,
  "passed_count": 9,
  "total_checks": 9
}