{
  "version": "v470",
  "timestamp": "2026-06-26 07:29",
  "passed": 15,
  "total": 15,
  "pass_rate": "100.0%",
  "marginal_dual": 4.740937,
  "results": {
    "cc_strength_total": {
      "expected": 310,
      "actual": 310,
      "pass": true,
      "diff": 0
    },
    "cc_phy_atk_total": {
      "expected": 110,
      "actual": 110,
      "pass": true,
      "diff": 0
    },
    "cc_indep_atk_total": {
      "expected": 120,
      "actual": 120,
      "pass": true,
      "diff": 0
    },
    "cc_crit_total": {
      "expected": 0.03,
      "actual": 0.03,
      "pass": true,
      "diff": 0.0
    },
    "berserker_indep_gain": {
      "expected": 0.08,
      "actual": 0.08000000000000007,
      "pass": true,
      "diff": 6.938893903907228e-17
    },
    "berserker_crit_gain": {
      "expected": 0.012,
      "actual": 0.011764705882353121,
      "pass": true,
      "diff": 0.00023529411764687883
    },
    "berserker_fixed_total": {
      "expected": 0.0927,
      "actual": 0.09270588235294142,
      "pass": true,
      "diff": 5.882352941410929e-06
    },
    "berserker_str_gain": {
      "expected": 0.2442,
      "actual": 0.2442483454144342,
      "pass": true,
      "diff": 4.8345414434186607e-05
    },
    "berserker_phy_gain": {
      "expected": 0.055,
      "actual": 0.05499999999999994,
      "pass": true,
      "diff": 6.245004513516506e-17
    },
    "berserker_pct_total": {
      "expected": 0.3281,
      "actual": 0.3281253221111957,
      "pass": true,
      "diff": 2.5322111195713592e-05
    },
    "swordsman_str_gain": {
      "expected": 0.3647,
      "actual": 0.36470588235294144,
      "pass": true,
      "diff": 5.882352941410929e-06
    },
    "swordsman_phy_gain": {
      "expected": 0.0423,
      "actual": 0.04230769230769238,
      "pass": true,
      "diff": 7.692307692382105e-06
    },
    "swordsman_crit_gain": {
      "expected": 0.012,
      "actual": 0.01200000000000001,
      "pass": true,
      "diff": 1.0408340855860843e-17
    },
    "swordsman_pct_total": {
      "expected": 0.4395,
      "actual": 0.43951276018099583,
      "pass": true,
      "diff": 1.2760180995829984e-05
    },
    "marginal_dual": {
      "expected": 4.740937,
      "actual": 4.740937133932049,
      "pass": true,
      "diff": 1.339320494508911e-07
    }
  }
}